DDR_AD0,AB10,6661.46,1
DDR_AD1,AD12,7685.95,1
DDR_AD2,Y12,5693.87,1
DDR_AD3,AA10,6013.73,1
DDR_AD4,AE12,10014.22,1
DDR_AD5,AA12,5267.82,1
DDR_AD6,AD13,10380.11,1
DDR_AD7,AB13,9051.2,1
DDR_AD8,AC13,7172.39,1
DDR_AD9,AB11,6477.67,1
DDR_AD10,AD10,9051.11,1
DDR_AD11,AD14,8590.56,1
DDR_AD12,AC11,9260.05,1
DDR_AD13,AA13,7621.71,1
DDR_AD14,AC14,9623.71,1
DDR_AD15,AC10,8497.3,1
DDR_BA0,AB8,6563.78,1
DDR_BA1,AD11,9463.72,1
DDR_BA2,Y10,5643.16,1
DDR_CAS,Y9,5988.22,1
DDR_CKE,AD9,11479.95,1
DDR_CK_N,AA7,8110.05,4
DDR_CK_P,Y7,8162.24,4
DDR_Csn,AB5,10253.27,1
DDR_DM0,AD7,8889.47,2
DDR_DM1,AD2,11153.72,2
DDR_DQ0,AE2,12675.32,2
DDR_DQ1,AC7,7597.53,2
DDR_DQ2,AB2,10266.09,2
DDR_DQ3,AD8,7194.5,2
DDR_DQ4,AC3,11746.42,2
DDR_DQ5,AE9,9501.9,2
DDR_DQ6,AA1,14834.63,2
DDR_DQ7,AC8,8437.57,2
DDR_DQ8,AD6,9080.8,2
DDR_DQ9,AD1,13887.08,2
DDR_DQ10,AE6,9117.39,2
DDR_DQ11,AC2,11849.13,2
DDR_DQ12,AD5,10428.72,2
DDR_DQ13,AB3,8565.4,2
DDR_DQ14,AC5,8713.59,2
DDR_DQ15,AC1,9528.56,2
DDR_DQS0_N,AE3,11319.61,3
DDR_DQS0_P,AD3,11083.85,3
DDR_DQS1_N,AC4,9578.92,3
DDR_DQS1_P,AD4,9501.58,3
DDR_ODT,AA2,9977.4,1
DDR_RAS,AB7,11940.79,1
DDR_RST,Y13,5292.92,0
DDR_VREF,Y5,10834.42,0
DDR_WE,AA9,6751.14,1
DDR_ZQ,AA5,13071.98,0
